train_loss,val_loss,train_acc,val_acc,train_prec,val_prec,train_rec,val_rec,train_f1,val_f1,train_dice,val_dice
1.233331104305303,1.09607111780267,0.9406034701338438,0.972430053510164,0.2838377351393906,0.38214181285155446,0.8455595045446236,0.8536530137062073,0.4170853353375308,0.5279183199531153,0.4170856800487387,0.5279187371856288
1.0116033147428638,0.9423998531542326,0.9766224299635843,0.978361819919787,0.42926873976939195,0.45219425935494273,0.8927002649440944,0.9357989712765342,0.5792399566864299,0.6097199603130943,0.5792403716907323,0.6097203869568674
0.8719979702869308,0.7836640759518272,0.9819524822948135,0.9860166750456157,0.5002865100575384,0.5707461206536544,0.8977290859846311,0.9119637200706884,0.6419909345769437,0.7020619323379115,0.6419913713063035,0.7020623872154638
0.7056408858744898,0.6570872162517748,0.9867748256041625,0.9868050405853673,0.587619194360537,0.5966229093702216,0.8914187439134188,0.8315610164090207,0.707858797545745,0.6947418514050936,0.7078592487584765,0.694742312556819
0.5438247339747776,0.47171747213915777,0.9898940157667498,0.9911692393453497,0.6673473253428379,0.7063303181999608,0.8761634108062103,0.8746780188460099,0.7572452726765214,0.7815162131660863,0.75724573948673,0.7815166868661579
0.4332620618499328,0.40691590152288737,0.991095228729961,0.9914426552621942,0.7092247337938469,0.7380113193863317,0.8574691682218392,0.816312871481243,0.7759700579063915,0.7751731527479071,0.7759705330723914,0.7751736264479788
0.3556727301851611,0.30009268930083827,0.992104804404428,0.9932193254169664,0.7452920513732411,0.7624296796949286,0.8528572683022401,0.9076525725816426,0.7952450023633297,0.8287110987462496,0.7952454714017494,0.8287115849946675
0.2988818978594842,0.2699307579743235,0.9930417114329115,0.9937426322384885,0.7787425278503204,0.8057630501295391,0.8567003958693175,0.8613531871845848,0.8156702050538821,0.8326164766361839,0.815670684676304,0.8326169660216883
0.26337739491017065,0.2862116600337781,0.993557838636024,0.9924243845437702,0.7975295626114463,0.764327281399777,0.8598342214789346,0.8394739659209001,0.827437014780312,0.8001256930200678,0.8274374910604174,0.8001261635830528
0.2432359731364473,0.21872223678388095,0.9937678386117811,0.9942628615780881,0.8067550224678539,0.8050626139891776,0.8594450599679323,0.9005769899016932,0.8321694469897547,0.8501350565960533,0.8321699282833349,0.8501355428444711
0.22969168382827368,0.2904724298339141,0.9939135301893003,0.9918625480250308,0.8124267442204128,0.7598892199365717,0.8599331991694797,0.8031691124564723,0.8354272847977754,0.780919256963228,0.8354277577355643,0.7809197463487324
0.21686880457624097,0.22222810748376345,0.9941184609849877,0.9939727814573991,0.8193698252472922,0.8242133040177194,0.8628148469969491,0.8473177677706668,0.8404198177506991,0.8355909836919684,0.840420290688488,0.8355914668032998
0.20429987662306456,0.17923871466988012,0.9943775105699201,0.9950496679858157,0.8287849476404279,0.8379231126684892,0.8661753540841218,0.9001771305736742,0.8469813739027933,0.867927328536385,0.846981856310479,0.8679277959622835
0.19351909790083627,0.1767053517856096,0.9946060470331495,0.9951396082576952,0.8359671045686597,0.8532530916364569,0.8707260634297522,0.8829791232159263,0.8529098050616611,0.8678523239336515,0.8529102857981887,0.8678527882224635
0.19009394693040402,0.19454705715179443,0.9946171346111833,0.9943658929122122,0.8365455915994733,0.8219366983363503,0.8706844215081117,0.8785149580553958,0.8532088677459788,0.8492745098314787,0.8532093473684008,0.8492749803944638
0.18716626899821737,0.19661220123893336,0.9946327343165318,0.9943336781702543,0.8372276609189042,0.8259297515216627,0.8705911608499901,0.8692574375554135,0.8535288828555668,0.8470323399493569,0.8535293557933558,0.8470328293348613
0.18349631673821779,0.19095682862557864,0.9947064078856851,0.9943626146567496,0.8403871298950409,0.8211048966959903,0.8707732892482081,0.8797738803060431,0.8552484055545843,0.8494211717655784,0.8552488885193228,0.8494216486027366
0.17544070916755178,0.15236441712630422,0.9949165370976814,0.9956519195907995,0.8464225669887578,0.8674580423455489,0.8763324518070043,0.8964226998780903,0.8610515321526572,0.8816960265761927,0.8610520056474988,0.8816965002762643
0.16781895976757336,0.15244559943675995,0.9951440263017316,0.9956108143455104,0.8529429363313122,0.8657210939808896,0.8815626658011819,0.8961535817698428,0.8669732903765741,0.8806676331319307,0.8669737649855213,0.8806680942836561
0.1667262240548,0.15281051005187787,0.9951601073006603,0.9955865929001256,0.853981586817269,0.8640090227127075,0.8813328525730383,0.8969735001262865,0.8673976136145191,0.880175552870098,0.8673980971363103,0.8801760391185158
0.16396445342313462,0.15155274617044548,0.9952250730211489,0.9956088191584537,0.8560109957356319,0.8674011512806541,0.8827441084050687,0.8936759484441656,0.8691434525997839,0.8803340196609497,0.8691439266516784,0.8803344745385019
0.16184495751545808,0.14889932227762123,0.9952756400420287,0.9956212702550387,0.8571875774971792,0.8588852098113612,0.8842001273253254,0.906684232385535,0.8704316883443672,0.8821315294817874,0.8704321557116286,0.8821320125931188
0.16009096856986252,0.14625602725305056,0.9953149211740939,0.9957296377734134,0.8589540664280686,0.8705506826701918,0.8845360462910661,0.8971348781334726,0.8715290048412073,0.883634444914366,0.8715294905912097,0.8836349248886108
0.16039500253222813,0.14590825062049062,0.995289744617783,0.9957253399648165,0.8583059104803566,0.8695074915885925,0.8838697426787047,0.8983164649260672,0.8708596563784876,0.8836695112680134,0.8708601315444875,0.8836699943793448
0.15761092987573036,0.14596627731072276,0.9953640799656093,0.9957063543169122,0.8604772235745581,0.8687605073577479,0.8854824928479774,0.8980877744524103,0.8727692270947394,0.8831741809844971,0.8727697039318976,0.8831746609587419
0.15842523098548997,0.1445492058992386,0.9953204560502668,0.9957531753339266,0.8589611298570009,0.8720434841356779,0.8846353481863146,0.896623294604452,0.8715782260226312,0.8841504580096194,0.8715786950610508,0.8841509411209508
0.1546798890160623,0.14253844242346914,0.9954289342755469,0.9958186494676691,0.8625498558873328,0.876798855630975,0.8867917701462719,0.8943259810146532,0.8744763386583774,0.8854666822835019,0.8744768149384828,0.885467130886881
0.153811549054128,0.1409221926802083,0.995442332508408,0.9958260906370062,0.862990795451904,0.8723107168548986,0.8873444188421018,0.9009376607443157,0.8749620062168514,0.8863830597777116,0.8749624791546403,0.8863835334777832
0.15225770958116122,0.13834375456759804,0.9954807780613409,0.9958798383411608,0.8638888920579001,0.8705390064339888,0.8884050651131389,0.9068489419786554,0.8759432273490406,0.8883130895464044,0.8759437025150406,0.8883135695206491
0.15098178999446263,0.14730381808782878,0.9955130425569053,0.9956404190314444,0.8655850324675302,0.8740209403790926,0.888242051423153,0.8866445296689084,0.8767211576488531,0.8802770501688907,0.8767216328148529,0.880277511320616
